VAGA DE OPERADOR DE PRODUÇÃO / LIMEIRA / SP / 14 VAGA(S),http://empregacampinas.com.br/2019/10/operador-de-producao-limeira-sp-14-vagas-3/
VAGA DE VENDEDOR EXTERNO / CAM / 2 VAGA(S),http://empregacampinas.com.br/2019/10/vendedor-externo-cam-2-vagas/
VAGA DE OPERADOR TRAINEE / LIMEIRA / SP / 1 VAGA(S),http://empregacampinas.com.br/2019/10/operador-trainee-limeira-sp-1-vagas-2/
VAGA DE OPERADOR DE SOPRADORA / HORTOLÂNDIA / SP / 1 VAGA(S),http://empregacampinas.com.br/2019/10/operador-de-sopradora-hortolandia-sp-1-vagas/
VAGA DE OPERADOR DE EXTRUSORA / HORTOLÂNDIA / SP / 1 VAGA(S),http://empregacampinas.com.br/2019/10/operador-de-extrusora-hortolandia-sp-1-vagas/
VAGA DE ASSISTENTE DE FROTA / PAULÍNIA / SP / 1 VAGA(S),http://empregacampinas.com.br/2019/10/assistente-de-frota-paulinia-sp-1-vagas/
VAGA DE VENDEDOR DE VEÍCULOS / RIO CLARO / SP / 1 VAGA(S),http://empregacampinas.com.br/2019/10/vendedor-de-veiculos-rio-claro-sp-1-vagas/
VAGA DE AUXILIAR DE SERVIÇOS GERAIS / CAMPINAS / 15 VAGA(S),http://empregacampinas.com.br/2019/10/auxiliar-de-servicos-gerais-campinas-15-vagas/
VAGA DE VENDEDOR / ONLINE / VALINHOS / SP / 2 VAGA(S),http://empregacampinas.com.br/2019/10/vendedor-online-valinhos-sp-2-vagas/
VAGA DE ASSISTENTE VENDAS C/INGLÊS / CAMPINAS / SP / 1 VAGA(S),http://empregacampinas.com.br/2019/10/assistente-vendas-c-ingles-campinas-sp-1-vagas-2/
VAGA DE ASSISTENTE ADMINISTRATIVO / RIO CLARO / SP / 1 VAGA(S),http://empregacampinas.com.br/2019/10/assistente-administrativo-rio-claro-sp-1-vagas/
VAGA DE VENDEDOR / CAMPINAS / SP / 4 VAGA(S),http://empregacampinas.com.br/2019/10/vendedor-campinas-sp-4-vagas-3/
VAGA DE VENDEDOR EXT SEG ELETRÔNICA / VALINHOS / SP / 1 VAGA(S),http://empregacampinas.com.br/2019/10/vendedor-ext-seg-eletronica-valinhos-sp-1-vagas/
VAGA DE VENDEDOR TECNICO / CAMPINAS / SP / 1 VAGA(S),http://empregacampinas.com.br/2019/10/vendedor-tecnico-campinas-sp-1-vagas-12/
VAGA DE VENDEDOR EXTERNO / CAMPINAS(SP) / 1 VAGA(S),http://empregacampinas.com.br/2019/10/vendedor-externo-campinassp-1-vagas/
VAGA DE ASSISTENTE ADMINISTRATIVO / AMERICANA / SP / 1 VAGA(S),http://empregacampinas.com.br/2019/10/assistente-administrativo-americana-sp-1-vagas-2/
VAGA DE ASSISTENTE DE LICITAÇÃO / AMERICANA / SP / 1 VAGA(S),http://empregacampinas.com.br/2019/10/assistente-de-licitacao-americana-sp-1-vagas-2/
VAGA DE SERVIÇOS GERAIS PCD / VALINHOS / SP / 2 VAGA(S),http://empregacampinas.com.br/2019/10/servicos-gerais-pcd-valinhos-sp-2-vagas-2/
VAGA DE OPERADOR DE COBRANÇA / CAMPINAS / SP / 10 VAGA(S),http://empregacampinas.com.br/2019/10/operador-de-cobranca-campinas-sp-10-vagas-9/
VAGA DE VENDEDOR INTERNO CONSTRUÇÃO / CAMPINAS / SP / 1 VAGA(S),http://empregacampinas.com.br/2019/10/vendedor-interno-construcao-campinas-sp-1-vagas-3/
VAGA DE OPERADOR LOGISTICA / NOVA ODESSA / SP / 10 VAGA(S),http://empregacampinas.com.br/2019/10/operador-logistica-nova-odessa-sp-10-vagas/
VAGA DE VENDEDOR / CAMPINAS(SP) / 1 VAGA(S),http://empregacampinas.com.br/2019/10/vendedor-campinassp-1-vagas/
VAGA DE VENDEDOR TECNICO PET / CAMPINAS / 1 VAGA(S),http://empregacampinas.com.br/2019/10/vendedor-tecnico-pet-campinas-1-vagas/
VAGA DE ASSISTENTE ADM / CAMPINAS / SP / 1 VAGA(S),http://empregacampinas.com.br/2019/10/assistente-adm-campinas-sp-1-vagas/
VAGA DE VENDEDOR RAMO VIDROS / AMERICANA / SP / 1 VAGA(S),http://empregacampinas.com.br/2019/10/vendedor-ramo-vidros-americana-sp-1-vagas/
VAGA DE VENDEDOR EXTERNO / CAMPINAS / SP / 6 VAGA(S),http://empregacampinas.com.br/2019/10/vendedor-externo-campinas-sp-6-vagas-3/
VAGA DE ASSISTENTE DE ATENDIMENTO / CAMPINAS / SP / 1 VAGA(S),http://empregacampinas.com.br/2019/10/assistente-de-atendimento-campinas-sp-1-vagas-4/
VAGA DE VENDEDOR / CAMPINAS / 1 VAGA(S),http://empregacampinas.com.br/2019/10/vendedor-campinas-1-vagas-15/
VAGA DE AUXILIAR SERVIÇOS ADM. / CAMPINAS / SP / 1 VAGA(S),http://empregacampinas.com.br/2019/10/auxiliar-servicos-adm-campinas-sp-1-vagas/
VAGA DE VENDEDOR DE PEÇAS / CAMPINAS / SP / 1 VAGA(S),http://empregacampinas.com.br/2019/10/vendedor-de-pecas-campinas-sp-1-vagas-4/
VAGA DE VENDEDOR (A) EXTERNO / AMERICANA / SP / 1 VAGA(S),http://empregacampinas.com.br/2019/10/vendedor-a-externo-americana-sp-1-vagas-2/
VAGA DE VENDEDOR INTERNO / HORTOLÂNDIA / SP / 2 VAGA(S),http://empregacampinas.com.br/2019/10/vendedor-interno-hortolandia-sp-2-vagas-2/
VAGA DE ASSISTENTE COMERCIAL / AMERICANA / SP / 1 VAGA(S),http://empregacampinas.com.br/2019/10/assistente-comercial-americana-sp-1-vagas-4/
VAGA DE ASSISTENTE LOGÍSTICA-ROTEIRO / AMERICANA / SP / 1 VAGA(S),http://empregacampinas.com.br/2019/10/assistente-logistica-roteiro-americana-sp-1-vagas/
VAGA DE OPERADOR TORNO DE LIXA / SUMARÉ / 1 VAGA(S),http://empregacampinas.com.br/2019/10/operador-torno-de-lixa-sumare-1-vagas/
VAGA DE VENDEDOR INTERNO / VALINHOS / SP / 2 VAGA(S),http://empregacampinas.com.br/2019/10/vendedor-interno-valinhos-sp-2-vagas-3/
VAGA DE VENDEDOR INTERNO / CAMPINAS / SP / 2 VAGA(S),http://empregacampinas.com.br/2019/10/vendedor-interno-campinas-sp-2-vagas-17/
VAGA DE ASSISTENTE SOCIAL / CAMPINAS / SP / 1 VAGA(S),http://empregacampinas.com.br/2019/10/assistente-social-campinas-sp-1-vagas-2/
VAGA DE VENDEDOR INTERNO / CAMPINAS / SP / 2 VAGA(S),http://empregacampinas.com.br/2019/10/vendedor-interno-campinas-sp-2-vagas-16/
VAGA DE VENDEDOR (A) / CAMPINAS / SP / 4 VAGA(S),http://empregacampinas.com.br/2019/10/vendedor-a-campinas-sp-4-vagas/
VAGA DE VENDEDOR EXTERNO / CAMPINAS / SP / 1 VAGA(S),http://empregacampinas.com.br/2019/10/vendedor-externo-campinas-sp-1-vagas-41/
VAGA DE VENDEDOR TÉCNICO P/ CONSTRUÇÃO / CAMPINAS E RMC / SP / 1 VAGA(S),http://empregacampinas.com.br/2019/10/vendedor-tecnico-p-construcao-campinas-e-rmc-sp-1-vagas/
VAGA DE ASSISTENTE DE LOGISTICA / CAMPINAS/SP / 1 VAGA(S),http://empregacampinas.com.br/2019/10/assistente-de-logistica-campinas-sp-1-vagas-4/
VAGA DE ASSISTENTE FINANCEIRO / MOGI MIRIM / SP / 1 VAGA(S),http://empregacampinas.com.br/2019/10/assistente-financeiro-mogi-mirim-sp-1-vagas/
VAGA DE ASSISTENTE CONTÁBIL/FISCAL / NOVA ODESSA / SP / 1 VAGA(S),http://empregacampinas.com.br/2019/10/assistente-contabil-fiscal-nova-odessa-sp-1-vagas/
VAGA DE PROGRAMADOR E OPERADOR CNC / SANTA BÁRBARA DO OESTE / SP / 1 VAGA(S),http://empregacampinas.com.br/2019/10/programador-e-operador-cnc-santa-barbara-do-oeste-sp-1-vagas-3/
"VAGA DE ASSISTENTE ADMINISTRATIVO / CAMPINAS, SÃO PAULO, BRASIL / 1 VAGA(S)",http://empregacampinas.com.br/2019/10/assistente-administrativo-campinas-sao-paulo-brasil-1-vagas/
